{"ta_runs": 451, "wallclock_time_used": 293.837247133255, "ta_time_used": 150.60233974456787, "inc_changed": 3, "_n_configs_per_intensify": 449, "_n_calls_of_intensify": 105, "_ema_n_configs_per_intensifiy": 5.395974645752386, "_EMA_ALPHA": 0.2}